,listing_Location,Listing_Name,Features,Price,Rating_Review
0,Entire rental unit in Kailua-Kona,â˜… Huge 3br/3ba â˜… Amazing Ocean Views â˜… Top rated â˜…,8 guests Â· 3 bedrooms Â· 5 beds Â· 3 baths,",&nbsp;",4.87Â (187 reviews)
1,Entire home in Mountain View,A/C All Rms/WorkStations/Dishwasher AlohaHaleNohea,8 guests Â· 3 bedrooms Â· 3 beds Â· 2 baths,"$332 CAD per night, originally $358",4.96Â (217 reviews)
2,Entire bungalow in Pepeekeo,Heavenly Hakalau: Oceanfront Cliff House,4 guests Â· 2 bedrooms Â· 2 beds Â· 2 baths,$742 CAD per night,4.97Â (154 reviews)
3,Entire rental unit in Kihei,3 minutes walk to the beach 2BR/2BA Top floor,4 guests Â· 2 bedrooms Â· 3 beds Â· 2 baths,$496 CAD per night,4.85Â (171 reviews)
4,Entire guest suite in Honolulu,Honolulu Hale with free parking,6 guests Â· 2 bedrooms Â· 2 beds Â· 1 bath,$379 CAD per night,4.83Â (124 reviews)
5,Entire condo in Honolulu,2 Bedroom Condo With Parking,4 guests Â· 2 bedrooms Â· 2 beds Â· 1 bath,$397 CAD per night,4.80Â (202 reviews)
6,Entire rental unit in Kihei,Beautiful Oceanfront Condo,6 guests Â· 2 bedrooms Â· 2 beds Â· 2 baths,$431 CAD per night,4.77Â (158 reviews)
7,Entire home in Keaau,Paradise Energy House âœ” King Bed âœ” Self Check-In,7 guests Â· 2 bedrooms Â· 5 beds Â· 2 baths,$361 CAD per night,4.96Â (524 reviews)
8,Entire home in Volcano,Private Volcano Golf and Country Club Home,6 guests Â· 2 bedrooms Â· 2 beds Â· 2 baths,",&nbsp;",4.85Â (346 reviews)
9,Entire condo in Honolulu,STUNNING PENTHOUSE -  100FT TO BEACH - LEGAL!!,4 guests Â· 1 bedroom Â· 1 bed Â· 2 baths,$523 CAD per night,4.95Â (110 reviews)
10,Entire condo in Wailea-Makena,HGTV Inspired Remodel! Ocean View & min. to beach!,6 guests Â· 2 bedrooms Â· 3 beds Â· 2 baths,$765 CAD per night,4.95Â (192 reviews)
11,Entire home in Captain Cook,Makai Hideaway,8 guests Â· 3 bedrooms Â· 8 beds Â· 3 baths,$452 CAD per night,4.86Â (166 reviews)
12,Entire rental unit in Maunaloa,"Molokai,Ocean View,2bedrooms,upstairs,NOT ON  MAUI",4 guests Â· 2 bedrooms Â· 2 beds Â· 1 bath,"$178 CAD per night, originally $199",4.68Â (166 reviews)
13,Entire condo in Lahaina,Escape to Paradise at The Paki Maui,4 guests Â· 1 bedroom Â· 2 beds Â· 1 bath,$304 CAD per night,4.78Â (125 reviews)
14,Entire rental unit in Honolulu,Luana Waikiki Hotel - Ocean View & Modern style,4 guests Â· Studio Â· 2 beds Â· 1 bath,",&nbsp;",4.87Â (247 reviews)
15,Entire condo in Princeville,Newly Renovated Northshore Condo,5 guests Â· 2 bedrooms Â· 3 beds Â· 1.5 baths,$469 CAD per night,4.92Â (172 reviews)
16,Entire condo in Princeville,OCEAN FRONT 2b/2ba Amazing Views! Princeville pool,4 guests Â· 2 bedrooms Â· 2 beds Â· 2 baths,$638 CAD per night,4.95Â (204 reviews)
17,Entire condo in Kapaa,"BIG Ocean View, pool,Full Kitchen, King, WiFi, 203",4 guests Â· 2 bedrooms Â· 2 beds Â· 1 bath,$493 CAD per night,4.87Â (149 reviews)
18,Entire condo in Kahuku,RusticLuxe â€” Fully Custom Boss Cabin at Turtle Bay,4 guests Â· 1 bedroom Â· 2 beds Â· 2 baths,",&nbsp;",4.91Â (271 reviews)
19,Entire condo in Honolulu,1/2 block to Beach OCEANVIEW in all rooms 1carport,6 guests Â· 2 bedrooms Â· 3 beds Â· 2 baths,$842 CAD per night,4.74Â (171 reviews)
20,Entire home in Captain Cook,Sweeping Views from a Striking Home with Balconies,4 guests Â· 2 bedrooms Â· 2 beds Â· 1.5 baths,$931 CAD per night,4.98Â (209 reviews)
21,Entire townhouse in Laie,Sea Cliff House 2 - Oceanfront Home - 30-day stays,10 guests Â· 3 bedrooms Â· 7 beds Â· 2 baths,"$1,203 CAD per night",4.87Â (190 reviews)
22,Entire guesthouse in Kihei,"180' ocean views, heated pool at a villa by Wailea",4 guests Â· 2 bedrooms Â· 3 beds Â· 1 bath,"$1,109 CAD per night",4.97Â (310 reviews)
23,Entire condo in Kahuku,RusticLuxe â€” Fully Custom Boss Cabin at Turtle Bay,4 guests Â· 1 bedroom Â· 2 beds Â· 2 baths,",&nbsp;",4.91Â (271 reviews)
24,Entire condo in Honolulu,1/2 block to Beach OCEANVIEW in all rooms 1carport,6 guests Â· 2 bedrooms Â· 3 beds Â· 2 baths,$842 CAD per night,4.74Â (171 reviews)
25,Entire condo in Princeville,Newly Renovated Northshore Condo,5 guests Â· 2 bedrooms Â· 3 beds Â· 1.5 baths,$469 CAD per night,4.92Â (172 reviews)
26,Entire condo in Kihei,"Ocean View, All New Renovation!",6 guests Â· 2 bedrooms Â· 3 beds Â· 2 baths,$550 CAD per night,4.87Â (147 reviews)
27,Entire condo in Kauai,Hidden Gem within Hanalei Bay 1 BR Condo,4 guests Â· 1 bedroom Â· 2 beds Â· 2 baths,",&nbsp;",4.67Â (286 reviews)
28,Entire condo in Kihei,Renovated 2 Bed/2 Bath Ocean Views from Lanai,6 guests Â· 2 bedrooms Â· 3 beds Â· 2 baths,$441 CAD per night,4.71Â (173 reviews)
29,Entire condo in Kihei,Kihei Oceanfront Beautiful 2 Bedroom Condo,5 guests Â· 2 bedrooms Â· 2 beds Â· 1.5 baths,$481 CAD per night,4.66Â (304 reviews)
30,Entire condo in Lahaina,Newly Remodled Condo! Has it ALL!,6 guests Â· 2 bedrooms Â· 4 beds Â· 1 bath,$597 CAD per night,4.78Â (94 reviews)
31,Entire home in Kailua-Kona,"Spacious 4 BR, Ocean View w/Lanai, Sleeps 10",10 guests Â· 4 bedrooms Â· 7 beds Â· 2 baths,"$1,053 CAD per night",4.91Â (97 reviews)
32,Entire home in Lahaina,Renovated  Lahaina Plantation Home 3 BR/3 Baths,10 guests Â· 3 bedrooms Â· 3 beds Â· 3 baths,",&nbsp;",5.0Â (69 reviews)
33,Entire condo in Wailuku,Relax into Island Life at a Bamboo-Dotted Oceanfront Oasis,6 guests Â· 2 bedrooms Â· 2 beds Â· 2 baths,$502 CAD per night,4.79Â (169 reviews)
34,Entire rental unit in Honolulu,Last minute DEAL by Waikiki beach (All legal),8 guests Â· 2 bedrooms Â· 5 beds Â· 2 baths,"$704 CAD per night, originally $762",4.72Â (107 reviews)
35,Entire home in PÄhoa,Open Loft Triangle Home. Ocean . Stars . Explore,6 guests Â· 1 bedroom Â· 7 beds Â· 2 baths,",&nbsp;",4.75Â (259 reviews)
36,Entire condo in Wailuku,Spacious Luxury Oceanfront - Fully Remodeled - Ocean Views,8 guests Â· 3 bedrooms Â· 5 beds Â· 2 baths,",&nbsp;",4.94Â (143 reviews)
37,Entire rental unit in Kahuku,Hale Honu- Paradise at Turtle Bay,6 guests Â· 2 bedrooms Â· 3 beds Â· 2 baths,$645 CAD per night,4.63Â (366 reviews)
38,Entire condo in Lahaina,Maui at it's best. Family ready.,6 guests Â· 2 bedrooms Â· 2 beds Â· 2 baths,$616 CAD per night,4.88Â (188 reviews)
39,Tiny homes in Volcano,"Tiki Tiny House at Volcano, Hawaii",6 guests Â· 2 bedrooms Â· 3 beds Â· 1 bath,$322 CAD per night,4.84Â (212 reviews)
40,Entire condo in Lahaina,Maui at it's best. Family ready.,6 guests Â· 2 bedrooms Â· 2 beds Â· 2 baths,$616 CAD per night,4.88Â (188 reviews)
41,Entire condo in Wailuku,Luxury Oceanfront â˜… Designer Condo with Huge Views,6 guests Â· 2 bedrooms Â· 5 beds Â· 2 baths,"$1,068 CAD per night",4.96Â (213 reviews)
42,Entire home in Kailua-Kona,Watch Rain Fall Inside Your Home Into The Indoor Water Feature. Amazing Entry Across An Indoor Pond. Expansive Unfettered Ocean Views,8 guests Â· 4 bedrooms Â· 5 beds Â· 3.5 baths,"$3,299 CAD per night",4.73Â (88 reviews)
43,Entire condo in Kihei,Beautiful 2BR Condo with view at Maui Vista Resort,4 guests Â· 2 bedrooms Â· 2 beds Â· 2 baths,",&nbsp;",4.88Â (219 reviews)
44,Entire rental unit in Kihei,Spacious condo close to beach,4 guests Â· 1 bedroom Â· 2 beds Â· 1 bath,$334 CAD per night,4.82Â (296 reviews)
45,Entire rental unit in Kailua-Kona,"â˜€ Modern, Tropical and Oceanside + AC & Free Pk â˜€",4 guests Â· 1 bedroom Â· 2 beds Â· 1 bath,",&nbsp;",4.85Â (361 reviews)
46,Entire condo in Kahuku,RusticLuxe â€” Fully Custom Boss Cabin at Turtle Bay,4 guests Â· 1 bedroom Â· 2 beds Â· 2 baths,",&nbsp;",4.91Â (271 reviews)
47,Entire home in PÄhoa,Open Loft Triangle Home. Ocean . Stars . Explore,6 guests Â· 1 bedroom Â· 7 beds Â· 2 baths,",&nbsp;",4.75Â (259 reviews)
48,Entire home in Kihei,8-403 Kamaole Sands**Newly Remodeled** Steps to Kamaole 3 Beach!,8 guests Â· 2 bedrooms Â· 4 beds Â· 2 baths,",&nbsp;",4.78Â (116 reviews)
49,Entire townhouse in Princeville,Bungalow Indigo w/Beachgear,5 guests Â· 2 bedrooms Â· 2 beds Â· 2 baths,$661 CAD per night,4.94Â (96 reviews)
50,Entire condo in Wailea-Makena,Beautiful & Spacious Wailea Condo!! Walk to beach,6 guests Â· 2 bedrooms Â· 2 beds Â· 2 baths,$725 CAD per night,4.90Â (191 reviews)
51,Entire guest suite in Kailua-Kona,Kona dream vacation /POOL/AC/Great location,4 guests Â· Studio Â· 2 beds Â· 1 bath,$261 CAD per night,4.91Â (222 reviews)
52,Entire rental unit in Kihei,Great 1 Bdrm Across fr Beach OceanView!,4 guests Â· 1 bedroom Â· 2 beds Â· 1 bath,$365 CAD per night,4.87Â (334 reviews)
53,Entire home in Princeville,"AC, Hot Tub & Plunge Pool! Steps to Queen's Bath!",16 guests Â· 4 bedrooms Â· 9 beds Â· 2.5 baths,"$959 CAD per night, originally $1,211",4.75Â (97 reviews)
54,Entire rental unit in Kihei,"Great value, nice Kihei condo",4 guests Â· 1 bedroom Â· 2 beds Â· 1 bath,$334 CAD per night,4.79Â (248 reviews)
55,Entire home in Honolulu,"STYLISH VILLA ! GREAT LOCATION ,CLEAN AND PRIVATE",16 guests Â· 5 bedrooms Â· 8 beds Â· 3 baths,"$1,426 CAD per night",4.75Â (45 reviews)
56,Entire condo in Kihei,Fun in the sun and beach at cozy Kihei get away!,4 guests Â· 2 bedrooms Â· 2 beds Â· 2 baths,$499 CAD per night,4.89Â (240 reviews)
57,Entire townhouse in Princeville,Natural Hawaiian Light and Tropical Breezes Fill Hale Indigo,5 guests Â· 2 bedrooms Â· 2 beds Â· 2 baths,$702 CAD per night,4.90Â (84 reviews)
58,Entire home in Wailuku,Charming Direct Oceanfront North Shore Beach House,8 guests Â· 4 bedrooms Â· 6 beds Â· 3 baths,"$1,803 CAD per night",4.62Â (149 reviews)
59,Entire townhouse in Lahaina,Say Aloha to a Luxurious Family Getaway,6 guests Â· 2 bedrooms Â· 2 beds Â· 2 baths,"$1,078 CAD per night",4.88Â (89 reviews)
60,Entire cottage in Captain Cook,Honaunau Ocean View! Families Here!,6 guests Â· 3 bedrooms Â· 4 beds Â· 2 baths,"$286 CAD per night, originally $312",4.84Â (60 reviews)
61,Entire home in Kaneohe,Step Into Serenity,4 guests Â· 2 bedrooms Â· 3 beds Â· 1 bath,$526 CAD per night,4.89Â (46 reviews)
62,Entire home in Honokaa,"Waiulililani at Waipio Valley, TA # 124-836-6592-01",6 guests Â· 3 bedrooms Â· 3 beds Â· 3 baths,"$439 CAD per night, originally $502",4.83Â (92 reviews)
63,Entire condo in Kailua-Kona,Townhouse steps away from ocean and pool,6 guests Â· 2 bedrooms Â· 3 beds Â· 2 baths,$413 CAD per night,4.95Â (22 reviews)
64,Entire home in Papaikou,"New! - Oceanfront Paradise in Hilo w AC, Pool and Hot Tub. Remote Work!",4 guests Â· 2 bedrooms Â· 2 beds Â· 2 baths,$577 CAD per night,5.0Â (3 reviews)
65,Entire condo in Waikoloa Village,Waikoloa Resort Villa with Private Ocean Club,4 guests Â· 2 bedrooms Â· 3 beds Â· 2 baths,$769 CAD per night,5.0Â (18 reviews)
66,Entire condo in Koloa,Spacious Poipu Condo Sleeps 8,8 guests Â· 2 bedrooms Â· 4 beds Â· 2 baths,$441 CAD per night,4.80Â (81 reviews)
67,Entire home in Keaau,3 bedroom house in Keaau near the volcano,8 guests Â· 3 bedrooms Â· 3 beds Â· 2 baths,$283 CAD per night,4.90Â (39 reviews)
68,Entire condo in Waimea,"Mauna Lani Golf Villa! Club Access, AC, Pool, Spa!",4 guests Â· 2 bedrooms Â· 3 beds Â· 2 baths,$755 CAD per night,4.95Â (39 reviews)
69,Entire home in Naalehu,"Pool, Hot Tub, Japenese Pagoda & Gardens, Ocean Views",6 guests Â· 3 bedrooms Â· 3 beds Â· 2 baths,$405 CAD per night,4.84Â (31 reviews)
70,Entire condo in Kailua-Kona,"Spacious 2/2, doorstep to beaches and restaurants.",6 guests Â· 2 bedrooms Â· 4 beds Â· 2 baths,"$389 CAD per night, originally $426",5.0Â (10 reviews)
71,Entire townhouse in Waimea,â¤ï¸PiHâ¤ï¸ISLANDS DELIGHTâ˜…Dual Masterâ˜…Newly Renovated,5 guests Â· 2 bedrooms Â· 3 beds Â· 2.5 baths,$631 CAD per night,5.0Â (19 reviews)
72,Entire home in Kailua-Kona,The Mana Ohana - Ocean & Mtn. Views - sleeps 6-8,7 guests Â· 2 bedrooms Â· 4 beds Â· 2 baths,"$318 CAD per night, originally $347",empty
73,Entire guest suite in Honolulu,Breezy 2BD â˜…PRIME LOCATIONâ˜… | Bright | Spotless,7 guests Â· 2 bedrooms Â· 4 beds Â· 1 bath,$382 CAD per night,4.84Â (31 reviews)
74,Entire condo in Kihei,Island Surf 311  Oceanview!! Steps from the Ocean. Air Purifier! Sanitized Cleaning! Watch the morning Surfers!,6 guests Â· 2 bedrooms Â· 3 beds Â· 2 baths,$526 CAD per night,4.76Â (37 reviews)
75,Entire guesthouse in Kailua-Kona,Lani Wai Ka Napo'o,6 guests Â· 2 bedrooms Â· 3 beds Â· 2 baths,$438 CAD per night,4.84Â (73 reviews)
76,Entire home in Kailua-Kona,Kona Views,4 guests Â· 2 bedrooms Â· 3 beds Â· 2 baths,$352 CAD per night,4.89Â (56 reviews)
77,Entire condo in Kailua-Kona,Lovely 2 bedroom condo with ocean view,6 guests Â· 2 bedrooms Â· 4 beds Â· 2 baths,$459 CAD per night,4.80Â (5 reviews)
78,Entire condo in Kailua-Kona,Beautiful Oceanfront Two Bedroom Condo w/AC! #203,5 guests Â· 2 bedrooms Â· 3 beds Â· 2 baths,$592 CAD per night,4.97Â (32 reviews)
79,Entire condo in Honolulu,Banyan 14th FL Sleeps SIX Guests w/ 1 Free Parking,6 guests Â· 1 bedroom Â· 3 beds Â· 1 bath,",&nbsp;",4.22Â (85 reviews)
80,Entire rental unit in Kihei,Best condo in Kihei - great value!,4 guests Â· 1 bedroom Â· 2 beds Â· 1 bath,$334 CAD per night,4.73Â (283 reviews)
81,Entire rental unit in Honolulu,Waikiki Penthouse Panorama Ocean/Moutain Views,8 guests Â· 2 bedrooms Â· 6 beds Â· 2 baths,$948 CAD per night,4.62Â (154 reviews)
82,Entire rental unit in Paia,Maui Tropical House,4 guests Â· 1 bedroom Â· 2 beds Â· 1 bath,",&nbsp;",4.73Â (284 reviews)
83,Entire condo in Kihei,SUGAR BEACH RETREAT: Ocean View: Steps to Beach,4 guests Â· 1 bedroom Â· 2 beds Â· 1 bath,$604 CAD per night,4.92Â (184 reviews)
84,Entire home in Laie,Oceanfront Family Beach Retreat - Gated & Private,16 guests Â· 4 bedrooms Â· 11 beds Â· 4 baths,"$2,136 CAD per night",4.79Â (51 reviews)
85,Entire condo in Princeville,"Airy Apt w/AC: Walk to Beach, 10 mins to Surf/Hike",4 guests Â· Studio Â· 2 beds Â· 1 bath,",&nbsp;",4.84Â (129 reviews)
86,Entire rental unit in Paia,Hawaii Tropical Accommodations.,4 guests Â· 1 bedroom Â· 2 beds Â· 1 bath,",&nbsp;",4.68Â (194 reviews)
87,Entire home in Hilo,Hilo Hale Kai at Honolii Oceanfront,4 guests Â· 1 bedroom Â· 2 beds Â· 1 bath,$509 CAD per night,4.80Â (321 reviews)
88,Entire rental unit in Kahuku,Hale O Hoa- Paradise at Turtle Bay,4 guests Â· 1 bedroom Â· 1 bed Â· 1 bath,$535 CAD per night,4.80Â (235 reviews)
89,Entire condo in Lahaina,Perfect Landing for You on Maui! T-046-692-0448-03,4 guests Â· 1 bedroom Â· 2 beds Â· 1 bath,"$465 CAD per night, originally $498",4.82Â (233 reviews)
90,Entire home in Volcano,House of Bonsai Vacation Rental,4 guests Â· 1 bedroom Â· 2 beds Â· 1 bath,"$299 CAD per night, originally $327",4.97Â (428 reviews)
91,Entire condo in Wailuku,Newly Remodeled Spectacular Oceanfront Condo!,4 guests Â· 1 bedroom Â· 2 beds Â· 1 bath,",&nbsp;",4.88Â (227 reviews)
92,Entire guest suite in Naalehu,â˜€ Private Garden w/ Ocean Views â†’ Green Sands â˜€,4 guests Â· 1 bedroom Â· 1 bed Â· 1 bath,$373 CAD per night,4.91Â (375 reviews)
93,Entire rental unit in Kihei,Kamaole Beach Royale Entire 1 bedroom Aloha Apt,4 guests Â· 1 bedroom Â· 1 bed Â· 1 bath,"$370 CAD per night, originally $399",4.80Â (237 reviews)
94,Entire condo in Kihei,Paradise Awaits You! TRACYâ€™S TROPICAL TREASURES #4,4 guests Â· Studio Â· 2 beds Â· 1 bath,$561 CAD per night,4.96Â (215 reviews)
95,Entire condo in Kihei,Ocean View Superior Deluxe -  #200,5 guests Â· 1 bedroom Â· 2 beds Â· 1 bath,$713 CAD per night,4.79Â (267 reviews)
96,Entire condo in Kihei,#1 IN KIHEI FOR 2021!TRACY'S TROPICAL TREASURES #3,4 guests Â· Studio Â· 2 beds Â· 1 bath,$513 CAD per night,4.95Â (202 reviews)
97,Entire condo in Kihei,SUITE DREAMS MAUI,4 guests Â· Studio Â· 2 beds Â· 1 bath,$531 CAD per night,4.88Â (282 reviews)
98,Entire condo in Kihei,Romantic Bliss Maui,4 guests Â· Studio Â· 2 beds Â· 1 bath,$507 CAD per night,4.73Â (389 reviews)
99,Entire rental unit in Waimea,Hale Malino at The Palm Villas at Mauna Lani,4 guests Â· 2 bedrooms Â· 3 beds Â· 2 baths,$532 CAD per night,5.0Â (24 reviews)
100,Entire home in PÄhoa,"Tropical Big Island Getaway, Pahoa Hawaii, Hilo",4 guests Â· 2 bedrooms Â· 2 beds Â· 2 baths,$174 CAD per night,4.84Â (46 reviews)
101,Entire home in Waimea,OCEANFRONT 118 Puako - Hale Aloha,5 guests Â· 2 bedrooms Â· 2 beds Â· 1.5 baths,$960 CAD per night,5.0Â (13 reviews)
102,Entire guest suite in PÄhoa,Adorable 2 bedroom- 3 blocks from ocean,8 guests Â· 2 bedrooms Â· 5 beds Â· 1 bath,"$153 CAD per night, originally $167",empty
103,Entire condo in WaiÊ»anae,Gardens and Rainbows!,6 guests Â· 2 bedrooms Â· 2 beds Â· 1 bath,"$151 CAD per night, originally $180",4.70Â (64 reviews)
104,Entire condo in Kailua-Kona,Kona Paradise with Wide Ocean View @Royal Kahili,6 guests Â· 2 bedrooms Â· 4 beds Â· 2 baths,",&nbsp;",4.88Â (103 reviews)
105,Entire home in Kailua-Kona,Dragon Makai Hale,4 guests Â· 2 bedrooms Â· 2 beds Â· 3 baths,$367 CAD per night,4.99Â (69 reviews)
106,Entire townhouse in Kamuela,Affordable Luxury @ Magical Mauna Lani!,6 guests Â· 2 bedrooms Â· 3 beds Â· 2 baths,$526 CAD per night,4.94Â (121 reviews)
107,Entire villa in PÄhoa,Lava Flow House Pool Ocean View Kehena Beach w A/C,9 guests Â· 2 bedrooms Â· 4 beds Â· 2 baths,"$1,254 CAD per night, originally $1,355",5.0Â (33 reviews)
108,Entire home in Kailua-Kona,Kona Beach House,6 guests Â· 2 bedrooms Â· 3 beds Â· 2 baths,$520 CAD per night,4.78Â (116 reviews)
109,Entire condo in Kailua Kona,Kona Pacific B409,6 guests Â· 2 bedrooms Â· 4 beds Â· 3 baths,$519 CAD per night,4.80Â (15 reviews)
110,Entire condo in Kailua-Kona,Oceanview on Golf Course 3 Pools Air,6 guests Â· 3 bedrooms Â· 5 beds Â· 3 baths,$429 CAD per night,4.86Â (14 reviews)
111,Entire condo in Honolulu,THE MAUKA SUITE @ THE WAIKIKI BANYAN,4 guests Â· 1 bedroom Â· 3 beds Â· 1 bath,$448 CAD per night,4.75Â (29 reviews)
112,Entire condo in Waikoloa Village,Large 2/2 penthouse with views in Waikoloa,6 guests Â· 2 bedrooms Â· 2 beds Â· 2 baths,$580 CAD per night,4.93Â (14 reviews)
113,Entire bungalow in Captain Cook,"Miloli'i Beach Bungalow, LLC",6 guests Â· 2 bedrooms Â· 2 beds Â· 1.5 baths,$200 CAD per night,4.88Â (33 reviews)
114,Entire home in Haleiwa,Sunset Villa,6 guests Â· 3 bedrooms Â· 4 beds Â· 2 baths,",&nbsp;",4.98Â (40 reviews)
115,Entire condo in Waikoloa Village,Beautifully Remodeled 2 BR 2 BA & Stunning Views,4 guests Â· 2 bedrooms Â· 2 beds Â· 2 baths,$304 CAD per night,5.0Â (20 reviews)
116,Entire home in Honolulu,NEWâ–¶Mountain RV-NO.7â–¶Open Free parking!,6 guests Â· 1 bedroom Â· 2 beds Â· 1 bath,",&nbsp;",4.91Â (23 reviews)
117,Entire condo in Waikoloa Beach Resort,"Lush Tropical Oasis at Waikoloa Shores, Big Island",4 guests Â· 2 bedrooms Â· 3 beds Â· 2 baths,$456 CAD per night,4.94Â (18 reviews)
118,Entire cottage in Captain Cook,Honaunau Ocean View! Families Here!,6 guests Â· 3 bedrooms Â· 4 beds Â· 2 baths,"$286 CAD per night, originally $312",4.84Â (60 reviews)
119,Entire cottage in Molokai,"Oceanfront/View 2BR Cottage, WiFi, Sunsets, Pool",4 guests Â· 2 bedrooms Â· 2 beds Â· 2 baths,$413 CAD per night,5.0Â (17 reviews)
120,Entire townhouse in Maunaloa,"Best Oceanfront Location on West Molokai, not Maui",4 guests Â· 2 bedrooms Â· 2 beds Â· 1 bath,$390 CAD per night,4.91Â (22 reviews)
121,Entire townhouse in Waimea,â¤ï¸PiHâ¤ï¸ Island Song Villa â˜… Renovated â˜… Bikes â˜…,6 guests Â· 2 bedrooms Â· 4 beds Â· 2.5 baths,$623 CAD per night,4.88Â (24 reviews)
122,Entire condo in Kailua,Beach Front Family Condo at famous Lymans Cove,6 guests Â· 2 bedrooms Â· 4 beds Â· 2 baths,$378 CAD per night,4.53Â (80 reviews)
123,Entire villa in Kapolei,Ko'Olina Resort-Private Vacation Villa,7 guests Â· 2 bedrooms Â· 3 beds Â· 2.5 baths,$746 CAD per night,4.93Â (29 reviews)
124,Entire home in Kailua-Kona,Halia Hale,6 guests Â· 3 bedrooms Â· 3 beds Â· 2 baths,$749 CAD per night,4.96Â (104 reviews)
125,Entire condo in Waikoloa Village,Waikoloa Resort Villa with Private Ocean Club,4 guests Â· 2 bedrooms Â· 3 beds Â· 2 baths,$769 CAD per night,5.0Â (18 reviews)
126,Entire rental unit in Honolulu,One block to Waikiki Beach,6 guests Â· 1 bedroom Â· 2 beds Â· 1 bath,$306 CAD per night,4.29Â (30 reviews)
127,Entire condo in Kailua-Kona,Na Hale O Keauhou H5 is a spacious 2-bedroom & 2-1/2 bath townhome,5 guests Â· 2 bedrooms Â· 4 beds Â· 2 baths,$471 CAD per night,4.89Â (9 reviews)
128,Entire home in Waimea,New Centrally Located Waimea Home on Big Island,5 guests Â· 2 bedrooms Â· 3 beds Â· 1 bath,",&nbsp;",4.99Â (67 reviews)
129,Private room in Keaau,Upstairs bachelor Suite ( W-Ocean View),6 guests Â· 1 bedroom Â· 3 beds Â· 1 private bath,",&nbsp;",4.84Â (182 reviews)
130,Entire rental unit in Honolulu,Waikiki Banyan Tree *Oceanview * FREE Parking! King Bed,4 guests Â· 1 bedroom Â· 2 beds Â· 1 bath,",&nbsp;",4.93Â (27 reviews)
131,Entire home in Hilo,Aloha Falls Sanctuary. Peaceful Waterfall Paradise,6 guests Â· 2 bedrooms Â· 2 beds Â· 2 baths,$602 CAD per night,4.90Â (85 reviews)
132,Entire condo in Kahuku,NEWLY RENOVATED (2021) Turtle Bay Haven!,6 guests Â· 1 bedroom Â· 4 beds Â· 2 baths,",&nbsp;",4.87Â (54 reviews)
133,Entire condo in Koloa,Spacious Poipu Condo Sleeps 8,8 guests Â· 2 bedrooms Â· 4 beds Â· 2 baths,$441 CAD per night,4.80Â (81 reviews)
134,Entire guesthouse in Kailua-Kona,Lani Wai Ka Napo'o,6 guests Â· 2 bedrooms Â· 3 beds Â· 2 baths,$438 CAD per night,4.84Â (73 reviews)
135,Entire home in Volcano,A/C All Rms/WorkStation&Dishwasher AlohaHaleNohea2,6 guests Â· 3 bedrooms Â· 3 beds Â· 2 baths,$429 CAD per night,4.97Â (172 reviews)
136,Entire home in Naalehu,"Pool, Hot Tub, Japenese Pagoda & Gardens, Ocean Views",6 guests Â· 3 bedrooms Â· 3 beds Â· 2 baths,$405 CAD per night,4.84Â (31 reviews)
137,Entire home in Hilo,NEW with AC â˜†Somewhere Over Rainbow Loft â™¥ Hilo,6 guests Â· 2 bedrooms Â· 3 beds Â· 1.5 baths,$298 CAD per night,4.93Â (75 reviews)
138,Entire condo in Kailua Kona,"Kona Isle C28. Corner Unit, 2nd Floor, Ocean Views, & Air Conditioning!",4 guests Â· 1 bedroom Â· 2 beds Â· 1 bath,$336 CAD per night,4.80Â (5 reviews)
139,Entire condo in Kailua-Kona,Kona Makai 3-305,6 guests Â· 2 bedrooms Â· 4 beds Â· 1 bath,$329 CAD per night,4.68Â (19 reviews)
140,Entire guesthouse in Haiku-Pauwela,Maile Bungalow- County Licensed,4 guests Â· 2 bedrooms Â· 3 beds Â· 1 bath,$466 CAD per night,4.92Â (115 reviews)
141,Entire condo in Waikoloa Village,"Kolea 8A at Waikoloa Beach, Hawaii",6 guests Â· 3 bedrooms Â· 4 beds Â· 3 baths,"$1,224 CAD per night",5.0Â (20 reviews)
142,Entire condo in Kihei,"STEPS FROM THE BEACH! 2-Bedroom, Brand-New Remodel",6 guests Â· 2 bedrooms Â· 3 beds Â· 2 baths,"$572 CAD per night, originally $626",5.0Â (17 reviews)
143,Farm stay in PÄhoa,Farmhouse at Hawaiian Retreat,6 guests Â· 1 bedroom Â· 3 beds Â· 1 bath,"$108 CAD per night, originally $115",4.63Â (109 reviews)
144,Entire condo in Kahuku,NEWLY RENOVATED (2021) Turtle Bay Haven!,6 guests Â· 1 bedroom Â· 4 beds Â· 2 baths,",&nbsp;",4.87Â (54 reviews)
145,Entire home in Hawi,Custom Home on 10 acres with sweeping ocean views,8 guests Â· 3 bedrooms Â· 4 beds Â· 3 baths,$645 CAD per night,4.96Â (55 reviews)
146,Entire condo in Kailua-Kona,Beautiful Top Floor Oceanfront Condo with AC! #415,4 guests Â· 2 bedrooms Â· 3 beds Â· 2 baths,$584 CAD per night,5.0Â (21 reviews)
147,Entire condo in Kihei,OCEAN VIEW 2 BR 2 BATH PENTHOUSE KAM 2/3 BEACH,4 guests Â· 2 bedrooms Â· 2 beds Â· 2 baths,$635 CAD per night,4.60Â (5 reviews)
148,Entire condo in Kihei,Spectacular water front view-2 bedroom/2 bath,6 guests Â· 2 bedrooms Â· 3 beds Â· 2 baths,",&nbsp;",4.94Â (17 reviews)
149,Entire home in Kailua-Kona,Oceanview Old Hawaiian Ranch House,6 guests Â· 3 bedrooms Â· 4 beds Â· 2.5 baths,$733 CAD per night,5.0Â (37 reviews)
150,Entire condo in Waikoloa Beach Resort,"Lush Tropical Oasis at Waikoloa Shores, Big Island",4 guests Â· 2 bedrooms Â· 3 beds Â· 2 baths,$456 CAD per night,4.94Â (18 reviews)
151,Entire home in PÄhoa,Kalapana Beach Haven,9 guests Â· 3 bedrooms Â· 5 beds Â· 4 baths,"$962 CAD per night, originally $1,034",5.0Â (65 reviews)
152,Entire condo in Kailua-Kona,Beach Villas (Ocean View) Sleeps 5,5 guests Â· 2 bedrooms Â· 4 beds Â· 2 baths,$396 CAD per night,4.81Â (37 reviews)
153,Entire rental unit in Princeville,Adventures in Paradise!,5 guests Â· 2 bedrooms Â· 5 beds Â· 2 baths,$442 CAD per night,4.80Â (47 reviews)
154,Entire home in PÄhoa,Hale Melemele,7 guests Â· 2 bedrooms Â· 4 beds Â· 2 baths,"$226 CAD per night, originally $253",4.69Â (183 reviews)
155,Entire condo in Kihei,Toast the Sunset in a Dreamy Island Penthouse Loft,6 guests Â· 2 bedrooms Â· 4 beds Â· 2 baths,",&nbsp;",5.0Â (111 reviews)
156,Entire condo in Kihei,Beautifully UPGRADED Ocean View Condo Walk 2 Beach,6 guests Â· 2 bedrooms Â· 3 beds Â· 2 baths,$592 CAD per night,5.0Â (40 reviews)
157,Entire condo in Kihei,"NEWLY REMODELED!! 2 bedroom 2 bath condo, Maui, HI",6 guests Â· 2 bedrooms Â· 3 beds Â· 2 baths,$361 CAD per night,4.85Â (79 reviews)
158,Entire home in Ewa Beach,Ewa Sands,6 guests Â· 2 bedrooms Â· 3 beds Â· 1 bath,$500 CAD per night,4.74Â (104 reviews)
159,Entire rental unit in Honolulu,"City lights Waikiki ($7,500 monthly)",6 guests Â· 2 bedrooms Â· 4 beds Â· 2 baths,$649 CAD per night,4.76Â (87 reviews)
160,Entire cottage in Maui County,Ocean View Cottage. Island Retreat.,5 guests Â· 2 bedrooms Â· 3 beds Â· 1 bath,$502 CAD per night,4.93Â (29 reviews)
161,Entire condo in Kailua-Kona,Kona Makai 3-305,6 guests Â· 2 bedrooms Â· 4 beds Â· 1 bath,$329 CAD per night,4.68Â (19 reviews)
162,Entire home in Waiohinu,"Dragonfly Lodge, a Tropical Retreat House",7 guests Â· 4 bedrooms Â· 6 beds Â· 3 baths,"$455 CAD per night, originally $487",4.96Â (108 reviews)
163,Entire cottage in Captain Cook,NANAINA COTTAGE. JUNGLE LOVERS DREAM,4 guests Â· 1 bedroom Â· 4 beds Â· 1.5 baths,"$350 CAD per night, originally $374",4.79Â (110 reviews)
164,Entire home in Hilo,"Cozy Ocean-view home w/AC near town, Rainbow Falls",7 guests Â· 3 bedrooms Â· 4 beds Â· 2 baths,$504 CAD per night,5.0Â (62 reviews)
165,Entire condo in Honolulu,=Free Parking!= Renovated 1Bedroom in East Waikiki,5 guests Â· 1 bedroom Â· 2 beds Â· 1 bath,$353 CAD per night,4.70Â (124 reviews)
166,Entire condo in Kailua-Kona,Beautiful Top Floor Oceanfront Condo with AC! #421,5 guests Â· 2 bedrooms Â· 4 beds Â· 2 baths,$624 CAD per night,4.95Â (37 reviews)
167,Entire cottage in Kailua-Kona,Foster's Ohia Hale,5 guests Â· 2 bedrooms Â· 4 beds Â· 1 bath,$324 CAD per night,4.95Â (97 reviews)
168,Entire condo in Kihei,Beach Front Luxury in Makena,5 guests Â· 2 bedrooms Â· 4 beds Â· 2 baths,"$1,670 CAD per night",5.0Â (7 reviews)
169,Entire rental unit in Kaunakakai,Molokai sunsets,4 guests Â· 2 bedrooms Â· 2 beds Â· 2 baths,"$190 CAD per night, originally $213",4.69Â (49 reviews)
170,Entire condo in Kailua-Kona,Stunning Ocean Sunset Views from Private Lanai,4 guests Â· 1 bedroom Â· 2 beds Â· 2 baths,$369 CAD per night,5.0Â (41 reviews)
171,Entire condo in Kihei,Oceanfront Luxury at a Discount!,6 guests Â· 2 bedrooms Â· 4 beds Â· 2 baths,$526 CAD per night,4.76Â (30 reviews)
172,Entire condo in Waikoloa Village,"Gorgeous sunsets, golf course and ocean views",4 guests Â· 2 bedrooms Â· 2.5 baths,$294 CAD per night,empty
173,Entire home in Honomu,Private House Ocean/Mountain Views No Cleaning Fee,8 guests Â· 2 bedrooms Â· 6 beds Â· 2 baths,"$330 CAD per night, originally $413",4.94Â (86 reviews)
174,Entire condo in Kihei,Paradise at a reasonable price Unit #101,4 guests Â· 2 bedrooms Â· 3 beds Â· 2 baths,$285 CAD per night,4.72Â (50 reviews)
175,Entire condo in Kailua Kona,"Lovely Kona Plaza Beach Condo | Lanai, AC, Modern Kitchen | Pool, Grills",4 guests Â· 2 bedrooms Â· 2 beds Â· 2 baths,$409 CAD per night,4.75Â (8 reviews)
176,Entire condo in Wailuku,Spectacular luxury modern oceanfront best condo,4 guests Â· 2 bedrooms Â· 2 beds Â· 2 baths,$692 CAD per night,5.0Â (11 reviews)
177,Entire home in Kailua-Kona,Kona Ali'i Village Home,5 guests Â· 3 bedrooms Â· 3 beds Â· 2 baths,$669 CAD per night,4.85Â (27 reviews)
178,Entire home in PÄhoa,Kehena Hideaway Luxury Home,4 guests Â· 2 bedrooms Â· 2 beds Â· 2 baths,$902 CAD per night,5.0Â (10 reviews)
179,Entire home in Naalehu,"Hale Malulani, Private Estate With Ocean Views!",4 guests Â· 2 bedrooms Â· 2 beds Â· 2 baths,",&nbsp;",4.99Â (88 reviews)
180,Entire condo in Honolulu,2 Bedroom PentHouse Ocean Views in Waikiki,6 guests Â· 2 bedrooms Â· 4 beds Â· 2 baths,$595 CAD per night,4.45Â (62 reviews)
181,Entire home in Kamuela,Hale Kohola,6 guests Â· 3 bedrooms Â· 4 beds Â· 1 bath,"$436 CAD per night, originally $472",4.94Â (153 reviews)
182,Entire home in Princeville,Executive 3bd Home - Ocean views - cold A/C,6 guests Â· 3 bedrooms Â· 3 beds Â· 3.5 baths,"$1,687 CAD per night",5.0Â (28 reviews)
183,Entire condo in Lahaina,"Great condo, great deals",6 guests Â· 2 bedrooms Â· 4 beds Â· 1 bath,$557 CAD per night,4.20Â (5 reviews)
184,Entire home in Koloa,Ka Nohona Pili Kai (living by the sea) Poipu Beach,4 guests Â· 2 bedrooms Â· 2 beds Â· 2 baths,$580 CAD per night,empty
185,Entire home in Honolulu,"Beautiful Two Bedrooms, Gated & Private Entrance",6 guests Â· 2 bedrooms Â· 2 beds Â· 1 bath,$761 CAD per night,4.86Â (81 reviews)
186,Entire home in Honolulu,"Beaches, hikes, R&R, and comfort await you.",5 guests Â· 2 bedrooms Â· 2 beds Â· 1 bath,$592 CAD per night,5.0Â (6 reviews)
187,Entire condo in Kailua-Kona,"KONA MAKAI OCEANFRONT SNORKEL,TENNIS, GYM, POOL",5 guests Â· 2 bedrooms Â· 3 beds Â· 1 bath,$368 CAD per night,4.50Â (129 reviews)
188,Entire condo in Kailua-Kona,"Coastal Paradise at Peke's Ohana ""New Listing""",4 guests Â· 2 bedrooms Â· 2 beds Â· 2 baths,$412 CAD per night,4.80Â (5 reviews)
189,Entire condo in Hauula,Epic Views! 2 Story Beachfront @ Pat's at Punaluu!,6 guests Â· 3 bedrooms Â· 4 beds Â· 2 baths,$836 CAD per night,4.80Â (49 reviews)
190,Entire bungalow in Captain Cook,"Miloli'i Beach Bungalow, LLC",6 guests Â· 2 bedrooms Â· 2 beds Â· 1.5 baths,$200 CAD per night,4.88Â (33 reviews)
191,Entire home in Volcano,A/C All Rms/WorkStation&Dishwasher AlohaHaleNohea2,6 guests Â· 3 bedrooms Â· 3 beds Â· 2 baths,$429 CAD per night,4.97Â (172 reviews)
192,Entire condo in Kihei,"Wailea condominium, ocean view, 2 bed/2 bath",5 guests Â· 2 bedrooms Â· 3 beds Â· 2 baths,$608 CAD per night,4.96Â (25 reviews)
193,Entire condo in Kihei,Luxury Villa with Panoramic Ocean View,4 guests Â· 2 bedrooms Â· 2 beds Â· 2 baths,$501 CAD per night,4.88Â (8 reviews)
194,Entire condo in Honolulu,Beautiful & CLEAN>Pool View>Free Parking>WIFI>AC!!,6 guests Â· 1 bedroom Â· 3 beds Â· 1 bath,$555 CAD per night,4.79Â (19 reviews)
195,Entire home in Keaau,Paradise Energy House âœ” King Bed âœ” Self Check-In,7 guests Â· 2 bedrooms Â· 5 beds Â· 2 baths,$361 CAD per night,4.96Â (524 reviews)
196,Entire townhouse in Kailua-Kona,Tropical Living in Oceanfront Resort 31,5 guests Â· 2 bedrooms Â· 3 beds Â· 2 baths,$449 CAD per night,4.79Â (101 reviews)
197,Entire home in Honokaa,Luana Ola Villa Fantastic Ocean View,6 guests Â· 1 bedroom Â· 1 bed Â· 1.5 baths,"$256 CAD per night, originally $284",4.75Â (136 reviews)
198,Entire rental unit in Honolulu,Waikiki :New decoration2b/1b;at kalakaua  ave,6 guests Â· 2 bedrooms Â· 3 beds Â· 1 bath,$289 CAD per night,4.38Â (32 reviews)
199,Entire condo in Honolulu,Spectacular Ocean View in Heart of Waikiki-Parking,6 guests Â· 1 bedroom Â· 3 beds Â· 1 bath,",&nbsp;",5.0Â (4 reviews)
200,Entire condo in Honolulu,Views to Die For! Panoramic views in every room,7 guests Â· 2 bedrooms Â· 4 beds Â· 2 baths,"$1,202 CAD per night",4.89Â (19 reviews)
201,Entire rental unit in Laie,"Hale MOANA - 2bd, 2ba w/AC - Laie - 30 days",9 guests Â· 2 bedrooms Â· 8 beds Â· 2 baths,$450 CAD per night,4.95Â (153 reviews)
202,Entire condo in Honolulu,Ilikai Collection # 3. Luxury Condo & Beach Views!,5 guests Â· 1 bedroom Â· 1 bed Â· 1 bath,",&nbsp;",4.94Â (48 reviews)
203,Entire condo in Kailua-Kona,Beach Villas (Ocean View) Sleeps 5,5 guests Â· 2 bedrooms Â· 4 beds Â· 2 baths,$396 CAD per night,4.81Â (37 reviews)
204,Entire guesthouse in Kailua-Kona,New Modern Condo. Large Lanai. Amazing Ocean View!,5 guests Â· 2 bedrooms Â· 5 beds Â· 2 baths,$539 CAD per night,5.0Â (25 reviews)
205,Entire cottage in Paia,LunaHouse In The Heart of Paia,4 guests Â· 2 bedrooms Â· 2 beds Â· 1 bath,"$466 CAD per night, originally $504",5.0Â (74 reviews)
206,Entire condo in Kailua-Kona,"Oceanfront 2 bed, 2 bath, full kitchen  with AC!",4 guests Â· 2 bedrooms Â· 2 beds Â· 2 baths,"$495 CAD per night, originally $541",5.0Â (8 reviews)
207,Entire home in Naalehu,Aloha Friday Properties,6 guests Â· 2 bedrooms Â· 4 beds Â· 2 baths,",&nbsp;",4.73Â (51 reviews)
208,Entire home in PÄhoa,Sugar Shack Classic,4 guests Â· 2 bedrooms Â· 2 beds Â· 2 baths,",&nbsp;",4.93Â (27 reviews)
209,Entire guest suite in Honolulu,Hale Kaulana O Nu'uanu  2 bedroom guest suite w/AC,4 guests Â· 2 bedrooms Â· 3 beds Â· 1 bath,$502 CAD per night,5.0Â (23 reviews)
210,Entire loft in Honolulu,Unique opportunity to rent a New York style loft!,6 guests Â· 2 bedrooms Â· 2 beds Â· 1.5 baths,"$834 CAD per night, originally $904",4.72Â (18 reviews)
211,Entire condo in Honolulu,2Bd/2Ba High Floor Condo with Canal & City View,5 guests Â· 2 bedrooms Â· 3 beds Â· 2 baths,"$397 CAD per night, originally $436",4.78Â (9 reviews)
212,Entire condo in Honolulu,Remodeled Waikiki 2BR/1BA - central location,6 guests Â· 2 bedrooms Â· 2 beds Â· 1 bath,$377 CAD per night,4.81Â (93 reviews)
213,Entire condo in Honolulu,Waikiki Banyan 1 bedroom Condo w/free Parking,6 guests Â· 1 bedroom Â· 3 beds Â· 1 bath,$370 CAD per night,5.0Â (3 reviews)
214,Entire condo in Kihei,Luxury 2BR/2BA condo steps from the best beach!,4 guests Â· 2 bedrooms Â· 3 beds Â· 2 baths,$367 CAD per night,4.80Â (66 reviews)
215,Entire home in Kailua-Kona,Peaceful and classy Ohana in the Kona Palisades,4 guests Â· 1 bedroom Â· 4 beds Â· 1 bath,"$281 CAD per night, originally $301",5.0Â (12 reviews)
216,Entire home in Maunaloa,Beach Condo on Molokai,4 guests Â· 1 bedroom Â· 2 beds Â· 1 bath,$264 CAD per night,4.91Â (76 reviews)
217,Entire home in Haiku-Pauwela,Haiku Hale Aloha,6 guests Â· 2 bedrooms Â· 3 beds Â· 2 baths,",&nbsp;",5.0Â (91 reviews)
218,"Entire condo in Kailua-Kona,",Surf & Racquet 3302 top floor penthouse unit 3bd/2bth. with Central A/C,6 guests Â· 3 bedrooms Â· 4 beds Â· 2 baths,$542 CAD per night,4.17Â (6 reviews)
219,Entire townhouse in Kailua-Kona,Tropical Living in Oceanfront Resort 31,5 guests Â· 2 bedrooms Â· 3 beds Â· 2 baths,$449 CAD per night,4.79Â (101 reviews)
220,Entire condo in Honolulu,Waikiki Banyan Aloha Suite - Ocean View,6 guests Â· 1 bedroom Â· 2 beds Â· 1 bath,$398 CAD per night,4.94Â (31 reviews)
221,Entire condo in Kailua-Kona,2 bedroom royal retreat.,4 guests Â· 2 bedrooms Â· 2 beds Â· 2 baths,"$512 CAD per night, originally $554",4.86Â (7 reviews)
222,Entire guest suite in Honolulu,Hale Kaulana O Nu'uanu  2 bedroom guest suite w/AC,4 guests Â· 2 bedrooms Â· 3 beds Â· 1 bath,$502 CAD per night,5.0Â (23 reviews)
223,Entire home in Honolulu,Hawaiian Plantation Home,8 guests Â· 4 bedrooms Â· 4 beds Â· 4.5 baths,"$1,428 CAD per night",4.82Â (58 reviews)
224,Entire condo in Honolulu,2 Bedroom Condo With Parking,4 guests Â· 2 bedrooms Â· 2 beds Â· 1 bath,$397 CAD per night,4.80Â (202 reviews)
225,Entire home in Volcano,Private Volcano Golf and Country Club Home,6 guests Â· 2 bedrooms Â· 2 beds Â· 2 baths,",&nbsp;",4.85Â (346 reviews)
226,Entire condo in Kihei,Absolutely the Best!! Full AC & Near Pool! PAW 304,6 guests Â· 2 bedrooms Â· 4 beds Â· 2 baths,$572 CAD per night,4.83Â (24 reviews)
227,Entire townhouse in Waimea,Spring Sale 3br 5star at Mauni Lani,6 guests Â· 3 bedrooms Â· 4 beds Â· 2.5 baths,$603 CAD per night,4.93Â (57 reviews)
228,Entire condo in Kailua-Kona,2bd Oceanfront Condo:  Top Floor-A/C-Elevator-Pool,5 guests Â· 2 bedrooms Â· 2 beds Â· 2 baths,$433 CAD per night,4.91Â (23 reviews)
229,Entire condo in Lahaina,"NEW! Tasteful Lahaina Condo, Beautiful Resort Pool",6 guests Â· 2 bedrooms Â· 3 beds Â· 2 baths,$679 CAD per night,empty
230,Entire home in Paia,"Romantic Maui Beach Home, 3 min walk to Baby Beach",5 guests Â· 3 bedrooms Â· 3 beds Â· 3 baths,"$2,885 CAD per night",4.96Â (46 reviews)
231,Entire rental unit in Honolulu,2Bedroom Diamond Head Waikiki Lookout-Ocean ViewğŸ–,4 guests Â· 2 bedrooms Â· 3 beds Â· 1 bath,$785 CAD per night,empty
232,Entire townhouse in Kihei,BEST LOCATION W/SUPER LOW RATES! MAUI KAMAOLE A209,6 guests Â· 2 bedrooms Â· 3 beds Â· 2 baths,$530 CAD per night,4.84Â (44 reviews)
233,Entire condo in Lahaina,Maui Hale Kai Oceanfront Condos 101,6 guests Â· 2 bedrooms Â· 4 beds Â· 1 bath,$712 CAD per night,4.92Â (13 reviews)
234,Entire home in Keaau,HOUSE OF DOLPHINS (Hale Hale'ai),5 guests Â· 2 bedrooms Â· 2 beds Â· 2.5 baths,$836 CAD per night,4.74Â (23 reviews)
235,Entire condo in Honolulu,Views to Die For! Panoramic views in every room,7 guests Â· 2 bedrooms Â· 4 beds Â· 2 baths,"$1,202 CAD per night",4.89Â (19 reviews)
236,Entire condo in KapaÊ»a,Paradise awaits! C-203 Dual Master Suite No Fees,6 guests Â· 2 bedrooms Â· 3 beds Â· 3 baths,"$911 CAD per night, originally $1,011",4.87Â (38 reviews)
237,Entire home in Maunaloa,Beach Condo on Molokai,4 guests Â· 1 bedroom Â· 2 beds Â· 1 bath,$264 CAD per night,4.91Â (76 reviews)
238,Entire home in Kailua,"Beautiful Kailua Home, Near the Beach",5 guests Â· 2 bedrooms Â· 2 beds Â· 1 bath,$396 CAD per night,4.82Â (67 reviews)
239,Entire rental unit in Laie,"Hale MOANA - 2bd, 2ba w/AC - Laie - 30 days",9 guests Â· 2 bedrooms Â· 8 beds Â· 2 baths,$450 CAD per night,4.95Â (153 reviews)
240,Entire rental unit in Honolulu,One block to Waikiki Beach,6 guests Â· 1 bedroom Â· 2 beds Â· 1 bath,$306 CAD per night,4.29Â (30 reviews)
241,Entire vacation home in Waimea,Mauna Lani Palm Villas D2 Quiet Unit Historic View,6 guests Â· 3 bedrooms Â· 4 beds Â· 2 baths,$733 CAD per night,empty
242,Entire guesthouse in Waimea,"Private, Waimea Ohana (Guest House)",5 guests Â· 2 bedrooms Â· 3 beds Â· 1 bath,$321 CAD per night,4.97Â (117 reviews)
243,Entire condo in Waikoloa Village,Casa Chilin-Waikoloa Beach Resort @ Fairway Villas,6 guests Â· 2 bedrooms Â· 2 beds Â· 2 baths,$583 CAD per night,4.95Â (64 reviews)
244,Hotel room in Honolulu,33rd Floor LUXURY Suite Ala Moana Hotel by Waikiki,4 guests Â· 1 bedroom Â· 2 beds Â· 1 private bath,$321 CAD per night,4.91Â (55 reviews)
245,Entire condo in Kailua-Kona,OCEAN FRONT 2bd/2bth Twnhm  Sunset Views FREE A/C!,4 guests Â· 2 bedrooms Â· 2 beds Â· 2 baths,$590 CAD per night,empty
246,Entire home in Honolulu,"Breathtaking ocean view, hot tub & pool",8 guests Â· 3 bedrooms Â· 4 beds Â· 3 baths,"$1,373 CAD per night",5.0Â (3 reviews)
247,Entire condo in Waikoloa Village,"Cool and Comfortable, Home away from Home",4 guests Â· 2 bedrooms Â· 2 beds Â· 2 baths,$275 CAD per night,4.92Â (24 reviews)
248,Entire condo in Wailuku,Mermaid Cove Breathtaking Views Island Sands 506,4 guests Â· 2 bedrooms Â· 2 beds Â· 2 baths,$700 CAD per night,4.79Â (19 reviews)
249,Entire condo in Lahaina,"Upgraded spacious condo, Aina Nalu Lahaina A109",6 guests Â· 2 bedrooms Â· 3 beds Â· 2 baths,$514 CAD per night,4.85Â (102 reviews)
250,Entire condo in Honolulu,Uncle Bruce's Hale Aloha,4 guests Â· 1 bedroom Â· 2 beds Â· 1 bath,$208 CAD per night,4.72Â (68 reviews)
251,Entire condo in Honolulu,"Waikiki 8th floor w/2 Beds, Pool & Great City View",4 guests Â· Studio Â· 2 beds Â· 1 bath,$311 CAD per night,empty
252,Entire cottage in Honolulu,Mikaela's Cottage,6 guests Â· 3 bedrooms Â· 4 beds Â· 2 baths,$743 CAD per night,empty
253,Entire condo in Honolulu,NEW 2-bedroom condo at Waikiki/Wifi/Kitchen,5 guests Â· 2 bedrooms Â· 3 beds Â· 1 bath,$419 CAD per night,empty
254,Entire condo in Waimea,Puako Beach Condo - Kid-Friendly Corner Unit 201,6 guests Â· 3 bedrooms Â· 4 beds Â· 2 baths,"$400 CAD per night, originally $431",4.68Â (29 reviews)
255,Entire condo in Honolulu,15th FL Banyan Partial Ocean ï½—/ One Free Parking,8 guests Â· 1 bedroom Â· 4 beds Â· 1 bath,$417 CAD per night,4.74Â (39 reviews)
256,Entire condo in Kailua-Kona,Kona Makai 5-201,6 guests Â· 2 bedrooms Â· 2 beds Â· 2 baths,$390 CAD per night,4.80Â (5 reviews)
257,Entire condo in Honolulu,Ocean View Family Condo for a Getaway,6 guests Â· 1 bedroom Â· 3 beds Â· 1 bath,$628 CAD per night,empty
258,Entire cottage in Holualoa,Kona Coffee Cottage in Holualoa,4 guests Â· 2 bedrooms Â· 2 beds Â· 1 bath,$454 CAD per night,5.0Â (10 reviews)
259,Entire home in Ocean View,"Halfway to Kilauea, King suite, Long stays welcome",6 guests Â· 2 bedrooms Â· 3 beds Â· 2 baths,$338 CAD per night,4.94Â (47 reviews)
260,Entire townhouse in Kailua-Kona,Tropical Living in Oceanfront Resort 31,5 guests Â· 2 bedrooms Â· 3 beds Â· 2 baths,$449 CAD per night,4.79Â (101 reviews)
261,Entire home in Waikoloa Village,OceanView 3Bedroom *A/C*  Waikoloa Village house,6 guests Â· 3 bedrooms Â· 5 beds Â· 2 baths,"$587 CAD per night, originally $631",empty
262,Entire condo in Waikoloa Village,Casa Chilin-Waikoloa Beach Resort @ Fairway Villas,6 guests Â· 2 bedrooms Â· 2 beds Â· 2 baths,$583 CAD per night,4.95Â (64 reviews)
263,Entire villa in Waimea,Mauna Lani Resort Kulalani 1804 Secluded Villa with Class,4 guests Â· 2 bedrooms Â· 2 beds Â· 3 baths,$579 CAD per night,4.84Â (32 reviews)
264,Entire condo in Waikoloa Village,Romantic Beach Getaway F22 Walk to Beach & Golf,6 guests Â· 2 bedrooms Â· 4 beds Â· 2 baths,$449 CAD per night,4.88Â (33 reviews)
265,Entire home in Honolulu,"Breathtaking ocean view, hot tub & pool",8 guests Â· 3 bedrooms Â· 4 beds Â· 3 baths,"$1,373 CAD per night",5.0Â (3 reviews)
266,Resort room in Lahaina,Honua Kai - 2BD/2BA - CORNER UNIT & LARGE BALCONY,6 guests Â· 2 bedrooms Â· 4 beds Â· 2 baths,"$1,166 CAD per night",empty
267,Entire condo in Honolulu,Waikiki at its Best - Marine Surf Studio,5 guests Â· Studio Â· 2 beds Â· 1 bath,"$247 CAD per night, originally $277",4.86Â (78 reviews)
268,Entire guest suite in Honolulu,All under heaven are of one family2,4 guests Â· 2 bedrooms Â· 2 beds Â· 1 bath,$306 CAD per night,4.87Â (15 reviews)
269,Entire condo in Kailua-Kona,"Oceanfront 2 bed, 2 bath, full kitchen  with AC!",4 guests Â· 2 bedrooms Â· 2 beds Â· 2 baths,"$495 CAD per night, originally $541",5.0Â (8 reviews)
270,Entire condo in Kihei,Relaxing 2BD with Great Ocean Views 509,4 guests Â· 2 bedrooms Â· 3 beds Â· 2 baths,$388 CAD per night,4.50Â (34 reviews)
271,Entire home in Kailua-Kona,Stunning Ocean Front Home,10 guests Â· 3 bedrooms Â· 8 beds Â· 3 baths,"$2,029 CAD per night",4.91Â (34 reviews)
272,Entire home in Kailua-Kona,Honu Kai Hale - Oceanfront home,4 guests Â· 2 bedrooms Â· 3 beds Â· 2 baths,"$1,086 CAD per night",4.91Â (65 reviews)
273,Entire condo in Honolulu,"Waikiki Island Colony 1 Bdrm, 1702",4 guests Â· 1 bedroom Â· 3 beds Â· 1 bath,"$288 CAD per night, originally $311",4.45Â (11 reviews)
274,Entire condo in Kihei,BEAUTIFUL 1 BED/2 BATH AT MAUI KAMAOLE,4 guests Â· 1 bedroom Â· 2 beds Â· 2 baths,$380 CAD per night,empty
275,Entire condo in Wailuku,Spectacular luxury modern oceanfront best condo,4 guests Â· 2 bedrooms Â· 2 beds Â· 2 baths,$692 CAD per night,5.0Â (11 reviews)
276,Entire condo in Wailuku,Direct Oceanfront - Kanai A Nalu 203 - 2BD/2BA,5 guests Â· 2 bedrooms Â· 4 beds Â· 2 baths,$670 CAD per night,4.92Â (130 reviews)
277,Entire condo in Honolulu,Lovely 2 bedroom condo with awesome view,6 guests Â· 2 bedrooms Â· 4 beds Â· 1 bath,$355 CAD per night,5.0Â (3 reviews)
278,Entire condo in Honolulu,Waikiki Banyan 1 bedroom Condo w/free Parking,6 guests Â· 1 bedroom Â· 3 beds Â· 1 bath,$370 CAD per night,5.0Â (3 reviews)
279,Entire condo in Honolulu,"Waikiki 2 Bedroom w/ Covered Parking, Family Condo",6 guests Â· 2 bedrooms Â· 4 beds Â· 1 bath,$566 CAD per night,4.74Â (43 reviews)
280,Entire guesthouse in Haiku-Pauwela,HawaiianDreamTemple-2BRTropical Oasis BBPH20120004,6 guests Â· 2 bedrooms Â· 3 beds Â· 1 bath,$808 CAD per night,4.79Â (104 reviews)
281,Entire condo in Honolulu,Views to Die For! Panoramic views in every room,7 guests Â· 2 bedrooms Â· 4 beds Â· 2 baths,"$1,202 CAD per night",4.89Â (19 reviews)
282,Entire villa in Lahaina,"Villa 2423-24. Platinum level, remodeled townhouse features exquisite ocean views and lots of space",6 guests Â· 2 bedrooms Â· 2 beds Â· 3 baths,"$950 CAD per night, originally $1,040",4.95Â (20 reviews)
283,Entire condo in Lahaina,"Upgraded spacious condo, Aina Nalu Lahaina A109",6 guests Â· 2 bedrooms Â· 3 beds Â· 2 baths,$514 CAD per night,4.85Â (102 reviews)
284,Entire bungalow in Lahaina,Ka Hale Aloha (The Love Shack),4 guests Â· 2 bedrooms Â· 2 beds Â· 1 bath,",&nbsp;",5.0Â (60 reviews)
285,Entire cottage in Waimea,The Reef House - 2 Bedroom Oceanfront Cottage,4 guests Â· 2 bedrooms Â· 2 baths,"$1,315 CAD per night",empty
286,Entire condo in Honolulu,Remodeled Waikiki 2BR/1BA - central location,6 guests Â· 2 bedrooms Â· 2 beds Â· 1 bath,$377 CAD per night,4.81Â (93 reviews)
287,Entire townhouse in Kihei,Newly remodeled 2B/2B  at Ma'alaea Surf Resort,4 guests Â· 2 bedrooms Â· 2 beds Â· 2 baths,$575 CAD per night,5.0Â (6 reviews)
288,Entire condo in Kailua-Kona,Tropical Luxury â€“  Oceanfront Pool!!,4 guests Â· 2 bedrooms Â· 3 beds Â· 1 bath,$321 CAD per night,4.74Â (117 reviews)
289,Entire condo in Honolulu,Finest Modern Banyan Waikiki Suite FREE Parking,7 guests Â· 1 bedroom Â· 2 beds Â· 1 bath,$448 CAD per night,4.75Â (109 reviews)
290,Entire condo in Princeville,Beautiful spacious ocean and mountain view condo .,4 guests Â· 2 bedrooms Â· 1 bed Â· 2 baths,"$492 CAD per night, originally $565",empty
291,Entire condo in Honolulu,Waikiki Banyan Oceanview Modern Relaxation 4 guest,4 guests Â· 1 bedroom Â· 2 beds Â· 1 bath,$375 CAD per night,empty
292,Entire home in Kailua-Kona,Custom ocean view 4/2 cottage in Kailua Kona,5 guests Â· 4 bedrooms Â· 4 beds Â· 2 baths,$658 CAD per night,empty
293,Entire condo in Lahaina,"Great condo, great deals",6 guests Â· 2 bedrooms Â· 4 beds Â· 1 bath,$557 CAD per night,4.20Â (5 reviews)
294,Entire condo in Kamuela,"Mauna Lani condo with waterfall pool, hot tub & tennis court",6 guests Â· 2 bedrooms Â· 3 beds Â· 2 baths,"$528 CAD per night, originally $600",4.77Â (26 reviews)
295,Entire loft in Honolulu,Unique opportunity to rent a New York style loft!,6 guests Â· 2 bedrooms Â· 2 beds Â· 1.5 baths,"$834 CAD per night, originally $904",4.72Â (18 reviews)
296,Entire cottage in Paia,LunaHouse In The Heart of Paia,4 guests Â· 2 bedrooms Â· 2 beds Â· 1 bath,"$466 CAD per night, originally $504",5.0Â (74 reviews)
297,Entire condo in Honolulu,NEW 2-bedroom condo at Waikiki/Wifi/Kitchen,5 guests Â· 2 bedrooms Â· 3 beds Â· 1 bath,$419 CAD per night,empty
298,Entire condo in Kihei,OCEAN VIEW 2 BR 2 BATH PENTHOUSE KAM 2/3 BEACH,4 guests Â· 2 bedrooms Â· 2 beds Â· 2 baths,$635 CAD per night,4.60Â (5 reviews)
299,Entire condo in Lahaina,"Temp price drop! 180 deg views, 2b/2ba, on ocean",6 guests Â· 2 bedrooms Â· 3 beds Â· 2 baths,$788 CAD per night,4.88Â (52 reviews)
